id,first_name,last_name,email,password_hash
1,Sibyl,Cannicott,scannicott0@google.com.hk,ViotKohswToG
2,Sig,Arlt,sarlt1@biblegateway.com,Yv5taRFFMAHN
3,Mose,Dechelle,mdechelle2@netvibes.com,c0a8g5Ve69
4,Marci,Leechman,mleechman3@example.com,ZAkg6QaIpnRL
5,Raimund,Kassel,rkassel4@github.com,twIf0oS
6,Shirl,Bendelow,sbendelow5@dyndns.org,vJupszFK
7,Luciano,Ralfe,lralfe6@theatlantic.com,FcCrHwOaeDvg
8,Karena,Orrom,korrom7@dailymotion.com,dCpW1hB7u
9,Dionysus,Rannells,drannells8@patch.com,1pnekffenf
10,Cathe,Booty,cbooty9@hc360.com,3f8Sgq1z5Qv
11,Florian,Minchindon,fminchindona@npr.org,QPVlfo7plJ3
12,Irina,Laux,ilauxb@google.com.hk,3JNZuV7
13,Nichole,Nattriss,nnattrissc@shinystat.com,ahikK3lZUGp
14,Devy,Lilion,dliliond@craigslist.org,Mh2vP8P
15,Mireielle,Thumnel,mthumnele@washingtonpost.com,nBIT3lMJ
16,Connie,Guidini,cguidinif@auda.org.au,JUFTBGH93Tw
17,Cynthie,Cuttles,ccuttlesg@disqus.com,mJWYDdy
18,Clio,Jochens,cjochensh@samsung.com,md6mAx
19,Andrey,Burston,aburstoni@purevolume.com,5lfoaAwS
20,Ricki,Logue,rloguej@springer.com,tBrrTIBZN5
21,Nancee,Casse,ncassek@moonfruit.com,zG0Z9B2
22,Lesley,Hapke,lhapkel@discuz.net,oZzHnoup
23,Adham,Loud,aloudm@google.ca,ifULU27U
24,Rufus,Bazylets,rbazyletsn@msn.com,2O5xAN
25,Mella,Skotcher,mskotchero@networkadvertising.org,F6BKHI
26,Farrell,Digan,fdiganp@senate.gov,RKmJM7
27,Humphrey,Casely,hcaselyq@people.com.cn,21T3VNH57
28,Aland,Mazella,amazellar@abc.net.au,87ZlAQc
29,Miner,Leinweber,mleinwebers@cafepress.com,MUhsUgEk8XW
30,Siouxie,Squibbes,ssquibbest@google.ru,4DmjcVpf
31,Wynn,Harmour,wharmouru@foxnews.com,KgbrNoxIb
32,Obed,Goldson,ogoldsonv@buzzfeed.com,KrzXrNGWYGJ
33,Daisy,Ragge,draggew@senate.gov,uaVgkvK
34,Mord,Castella,mcastellax@netscape.com,1WYCpfa
35,Celestia,Fazan,cfazany@usa.gov,v8VYAu3wN
36,Fred,Evers,feversz@walmart.com,ULuqutb
37,Rodi,Blonden,rblonden10@archive.org,izDYWwBgoorA
38,Charley,Milland,cmilland11@china.com.cn,j4ZvFX3y3C4
39,Gabbie,Maulden,gmaulden12@mapy.cz,kayy7JOyt6po
40,Mortimer,Morrid,mmorrid13@who.int,XFgCJAfJZC
41,Abby,Patman,apatman14@addthis.com,LsJThBjsM
42,Rodge,Edscer,redscer15@deviantart.com,FyYiQl
43,Xylina,Magnay,xmagnay16@wikispaces.com,fNy4ZuWTR
44,Kirbie,Champley,kchampley17@miibeian.gov.cn,tTXhrAJ
45,Colman,McCarle,cmccarle18@samsung.com,bCXyms
46,Krystle,Middlemass,kmiddlemass19@stumbleupon.com,rDuPodq4z
47,Laryssa,Blinckhorne,lblinckhorne1a@tinypic.com,FG2AKWV6
48,Maia,O'Fergus,mofergus1b@zimbio.com,isfeD2MrX
49,Diandra,Nuemann,dnuemann1c@arizona.edu,sWgIHA
50,Onfroi,Dehn,odehn1d@prlog.org,iQtr2nTZa
51,Eddie,Huskisson,ehuskisson1e@flavors.me,Rdx8zPatb
52,Emlyn,Templman,etemplman1f@reuters.com,t4wUPZ7
53,Quinn,Kingsnod,qkingsnod1g@php.net,07ESoEL
54,Neile,Geockle,ngeockle1h@slideshare.net,nk4AA4XW
55,Sherill,Reinhardt,sreinhardt1i@creativecommons.org,lWHR0mmu4fQ
56,Barnaby,Foord,bfoord1j@zimbio.com,oRSRUL
57,Howie,Goad,hgoad1k@angelfire.com,xLNbfYxPK
58,Austine,Geffe,ageffe1l@netscape.com,r4bIur
59,Izaak,Bucknall,ibucknall1m@yahoo.co.jp,8d00U9wD
60,Stearne,Metherell,smetherell1n@spiegel.de,xQSyHOAAr
61,Vanya,Fullbrook,vfullbrook1o@123-reg.co.uk,MpK2iwQnMP9b
62,Shell,Brattan,sbrattan1p@mapy.cz,09ft3nDL
63,Tanitansy,Coombe,tcoombe1q@nifty.com,M2t9YB1zKhx
64,Grange,Balle,gballe1r@ovh.net,bBAtUSz
65,Borg,Wellan,bwellan1s@senate.gov,VWeVviL0SoW
66,Bryon,Antonazzi,bantonazzi1t@china.com.cn,msbU0r9W
67,Lurleen,Tidder,ltidder1u@symantec.com,cAQV2lCPhF
68,Lurlene,Laban,llaban1v@dailymail.co.uk,LNumNPUFz94v
69,Nance,Swatridge,nswatridge1w@shutterfly.com,qHcPmJ
70,Constancy,Chesney,cchesney1x@edublogs.org,q2pqHgwnkR
71,Daphne,Geoghegan,dgeoghegan1y@is.gd,4McOUIxBi
72,Ricoriki,Guitt,rguitt1z@virginia.edu,5jMcfjTNs
73,Emmott,Waberer,ewaberer20@redcross.org,2tBc9uk5
74,Wyatt,Puve,wpuve21@exblog.jp,X9HUnTHDA
75,Ewan,Clive,eclive22@acquirethisname.com,GL6bjgCCBU
76,Ambrosius,Summersby,asummersby23@google.co.uk,OLxf6i
77,Babette,Sjollema,bsjollema24@shareasale.com,HywvAxh9Yco
78,Fergus,Lansberry,flansberry25@hostgator.com,ll6OUUbqiXy
79,Eilis,Babb,ebabb26@ezinearticles.com,YMc6rBctZ0t
80,Marianna,Lavery,mlavery27@tmall.com,NEhT31Puvx
81,Augustine,William,awilliam28@reference.com,pgucEYCklgQ
82,Eolanda,Matsell,ematsell29@addthis.com,j3bEfR
83,Everard,Osbourn,eosbourn2a@jugem.jp,1ErSjuJ2
84,Jae,Gerin,jgerin2b@wikimedia.org,eK5APmce
85,Zachariah,Gullam,zgullam2c@cnet.com,QqdrNZHf
86,Tarrah,Markova,tmarkova2d@parallels.com,4BL2jTVR0
87,Christye,Karolewski,ckarolewski2e@blinklist.com,ILXqGR2o
88,Antonin,Salvidge,asalvidge2f@economist.com,JedUnlpzi
89,Astrix,Ondra,aondra2g@xrea.com,dqCCzt
90,Burlie,Binfield,bbinfield2h@instagram.com,VeF2AxFC1
91,Rodie,Melbert,rmelbert2i@paypal.com,lt5OfpR3qJ
92,Ernaline,Woollam,ewoollam2j@arizona.edu,zu9172hV
93,Percival,Simcock,psimcock2k@hubpages.com,geSyxfyA0
94,Dagny,Antcliffe,dantcliffe2l@google.ru,AohfrVo
95,Jeff,Gammade,jgammade2m@house.gov,NH6NKW17w
96,Toiboid,Brundall,tbrundall2n@clickbank.net,yaHOCS5
97,Trent,Northbridge,tnorthbridge2o@w3.org,gCh4wD2bTY8
98,Filmer,Beevers,fbeevers2p@biblegateway.com,epncOfSuXIk
99,Suzanna,Bumby,sbumby2q@dedecms.com,8TI1pSV0
100,Nicolai,Eddowes,neddowes2r@comcast.net,6vKs9XFaM
101,Donetta,Balnaves,dbalnaves2s@statcounter.com,As8rBW30L
102,Fergus,Fullegar,ffullegar2t@intel.com,NdJj29QE2
103,Bernette,Olech,bolech2u@sun.com,tpBCp7ripr3I
104,Alika,O'Flaverty,aoflaverty2v@privacy.gov.au,rCS2ZPxOzz
105,Alard,Gell,agell2w@indiegogo.com,34iShG2dPvu
106,Piggy,Crouse,pcrouse2x@cdbaby.com,6XGJAZ
107,Carina,Malthus,cmalthus2y@goo.ne.jp,BidH4GtUG5k
108,Ferdy,Basillon,fbasillon2z@usda.gov,tjtNXIE2s
109,Damiano,Cargenven,dcargenven30@tripadvisor.com,9xGRs7
110,Crichton,Washtell,cwashtell31@si.edu,WtzCmN
111,Erich,Lewzey,elewzey32@ucoz.com,PwejWSD
112,Hailee,McEneny,hmceneny33@princeton.edu,NTRfQ7
113,Red,Brasted,rbrasted34@springer.com,SVkvQZ
114,Wally,Vicary,wvicary35@technorati.com,lhahWK
115,Renae,Cherrison,rcherrison36@addtoany.com,JDADD5djZx41
116,Bax,Placido,bplacido37@flavors.me,5gfem1LtB
117,Herrick,Tesyro,htesyro38@ed.gov,v57Y6DBFS
118,Rollins,Blenkharn,rblenkharn39@netvibes.com,OdZW20a88
119,Aylmer,Garfoot,agarfoot3a@mail.ru,UhelGqV0I
120,Con,Brockherst,cbrockherst3b@rediff.com,dwTrJU
121,Janine,McLeary,jmcleary3c@theguardian.com,PWvjp70
122,Rora,Orbon,rorbon3d@bbb.org,HnaWaPng
123,Gustaf,Wrintmore,gwrintmore3e@nhs.uk,8gXX7H
124,Kaylyn,Hulstrom,khulstrom3f@blinklist.com,DmDwTH9
125,Corty,Renbold,crenbold3g@sogou.com,fg3xNl
126,Rodolfo,Ciraldo,rciraldo3h@imdb.com,1TdlahDp44IO
127,Arden,Ottewell,aottewell3i@oakley.com,FQIdEerR
128,My,Matuszyk,mmatuszyk3j@nih.gov,CYenBRjuqz2
129,Jacklyn,Blaskett,jblaskett3k@facebook.com,GXTnkq3
130,Christie,Rossetti,crossetti3l@prlog.org,ngHjtXqSoI9Y
131,Roscoe,Georgins,rgeorgins3m@multiply.com,tdnyMNq
132,Hyacinthe,Osgodby,hosgodby3n@sohu.com,pfiovw
133,Annaliese,Clever,aclever3o@live.com,yUo3XplQfe
134,Libbey,Shale,lshale3p@addtoany.com,qpOWCs
135,Dacie,Vardon,dvardon3q@youtube.com,vZzEUvCAlgDC
136,Allister,Povlsen,apovlsen3r@ebay.com,HZWiMR
137,Hy,Ticic,hticic3s@jigsy.com,T4S5auR
138,Faye,Malinowski,fmalinowski3t@europa.eu,fiArR0T
139,Joseito,Germain,jgermain3u@forbes.com,mlPa7njqNcM
140,Chanda,Van der Beken,cvanderbeken3v@odnoklassniki.ru,UcH4jVlM3YY8
141,Julie,Rivard,jrivard3w@ask.com,lDjqYK
142,Svend,Clear,sclear3x@princeton.edu,MMoZAFzAB5
143,Stormi,Rodinger,srodinger3y@constantcontact.com,OdEvr7
144,Kristyn,Verrechia,kverrechia3z@acquirethisname.com,U8YIm7mx9P
145,Orion,Ellard,oellard40@surveymonkey.com,gMiYf0h
146,Dyanne,Impy,dimpy41@so-net.ne.jp,5plTkp7H
147,Lynna,Vakhonin,lvakhonin42@webeden.co.uk,fCzqmMwTa
148,Onfre,Uttridge,outtridge43@reddit.com,ninjyPS152
149,Melisande,Eich,meich44@1688.com,B1L5z15plp
150,Jewelle,Mugglestone,jmugglestone45@salon.com,LFTMILLdqZ
151,Carry,McQuarrie,cmcquarrie46@yolasite.com,WINz5qIlNgkW
152,Valenka,Maccrea,vmaccrea47@biblegateway.com,pRgBiJ9U
153,Merrili,Grute,mgrute48@networksolutions.com,g7PytyVW
154,Ashia,Courtney,acourtney49@spiegel.de,j3gdeiGP7
155,Flossi,McAllaster,fmcallaster4a@fastcompany.com,BkP90X
156,Tani,Ebenezer,tebenezer4b@msu.edu,PTZ0DkMkDNbu
157,Rici,Hayth,rhayth4c@phpbb.com,A8ffXH6Ta
158,Kim,Janikowski,kjanikowski4d@addtoany.com,54PRnF2WPRn
159,Loralyn,Hemstead,lhemstead4e@engadget.com,mC3SxDe
160,Corbett,Lathe,clathe4f@whitehouse.gov,xs5nNbz
161,Klarrisa,Bonniface,kbonniface4g@npr.org,5iUWAXR5
162,Nesta,Duham,nduham4h@pcworld.com,KxuxdvWY5iz
163,Sioux,Mc Coughan,smccoughan4i@go.com,8eYynl7JtL
164,Jorgan,Vinick,jvinick4j@indiatimes.com,w3TsDT
165,Bernhard,Naisbet,bnaisbet4k@squarespace.com,6HdPY5
166,Gill,Mason,gmason4l@csmonitor.com,CbreJtvopU
167,Zia,MacCrachen,zmaccrachen4m@census.gov,Qj0oBYY5x
168,Tootsie,Van Der Vlies,tvandervlies4n@ucla.edu,SuJ9aNfmJjq2
169,Jozef,Rolin,jrolin4o@issuu.com,HbZGdLd
170,Laina,Rattrie,lrattrie4p@mlb.com,Ym8f0AywnZL
171,Lana,Rihosek,lrihosek4q@forbes.com,UZMm4ZECrmf
172,Garrot,Hellwing,ghellwing4r@purevolume.com,8eQ0U36
173,Sallyanne,Beynkn,sbeynkn4s@devhub.com,ivuC5Xy
174,Libbey,Fonzo,lfonzo4t@mail.ru,MllSP8
175,Lauretta,Huyhton,lhuyhton4u@skyrock.com,0hXCGmM
176,Bette,Loughhead,bloughhead4v@delicious.com,JaL1QhZnGE
177,Crissie,Mac Giolla Pheadair,cmacgiollapheadair4w@skyrock.com,nYqCojiGDk2
178,Augusto,Roony,aroony4x@stanford.edu,YVQXhg
179,Hyman,Beachamp,hbeachamp4y@cbsnews.com,xoUqxU
180,Yulma,Hartzog,yhartzog4z@wikispaces.com,a6FrwnWy
181,Hugues,Edgington,hedgington50@engadget.com,oiTPJ4p
182,Madelene,Piffe,mpiffe51@spotify.com,y62SOaQcdxK
183,Vera,McLae,vmclae52@woothemes.com,hOZPwUqnp
184,Casandra,Lowten,clowten53@yandex.ru,03fUJmllfWuT
185,Pascale,Stedman,pstedman54@howstuffworks.com,A2SjPzK
186,Sarita,Di Biagio,sdibiagio55@comsenz.com,5nLM8ZYyT
187,Guenevere,Newvill,gnewvill56@people.com.cn,BBSnnFUNsV0
188,Claresta,Deakins,cdeakins57@pbs.org,vn5scv1JV71Q
189,Briney,Emerson,bemerson58@zdnet.com,6kRa5Oo
190,Kellen,Monsey,kmonsey59@walmart.com,trtgPCy0ja
191,Muire,Huston,mhuston5a@ucoz.ru,umG67uSa
192,Wilden,Djurevic,wdjurevic5b@china.com.cn,70S9xbTB2
193,Junina,Rapa,jrapa5c@ucoz.com,78pKeWZM
194,Cornelia,Capstake,ccapstake5d@state.gov,MIfteGmmpcBn
195,Adlai,Wintringham,awintringham5e@umn.edu,EKLKGEEz
196,Ardith,Wyley,awyley5f@i2i.jp,efA0HtHE1n
197,Marjie,Joust,mjoust5g@mtv.com,dl3xxU
198,Hanna,Berndt,hberndt5h@tumblr.com,rFaF6GxDZwN
199,Esme,Foxley,efoxley5i@spiegel.de,c9eBozmDi
200,Moreen,Roche,mroche5j@cbsnews.com,xVMVyZdifo7J
201,Tomi,Goodban,tgoodban5k@discovery.com,AeWRc3WsJnVa
202,Mirilla,Brislan,mbrislan5l@va.gov,f5il9lnEHv
203,Vernen,Westmerland,vwestmerland5m@liveinternet.ru,7QfLPEXMXaSc
204,Jocelin,A'Barrow,jabarrow5n@omniture.com,jmKgBwtN
205,Bobinette,Stratz,bstratz5o@feedburner.com,dotZUAebfL
206,Hobie,Bathow,hbathow5p@amazonaws.com,9tLzIeeGW9B3
207,Chev,Stubbings,cstubbings5q@vimeo.com,o4Jl7QJsHi9
208,Chloe,Burchess,cburchess5r@fastcompany.com,E1vfhW5g
209,Aundrea,Thorald,athorald5s@earthlink.net,r8xDcqhgX
210,Otes,Crawley,ocrawley5t@mediafire.com,aUqFz0iW
211,Meghan,Howick,mhowick5u@hhs.gov,7fGAQp6fEikC
212,Danya,Nolli,dnolli5v@yahoo.com,M6vqiaQBwT
213,Coleen,Fursey,cfursey5w@wired.com,iPyF2xl0L6G3
214,Rafaellle,Dellatorre,rdellatorre5x@aol.com,hDvzH2bWc7r
215,Robbert,Jordi,rjordi5y@whitehouse.gov,lxF5JR
216,Harlene,Fuentes,hfuentes5z@cnn.com,LjfGlDgtV
217,Roderigo,MacGow,rmacgow60@miitbeian.gov.cn,97S8s9N
218,Jennica,Lebang,jlebang61@t.co,6p9ejYcX
219,Martie,Dulanty,mdulanty62@java.com,dXK7qDIvD3eu
220,Miriam,Frances,mfrances63@cafepress.com,3QfvFJW
221,Mikkel,Joliffe,mjoliffe64@ask.com,gTc9OEj
222,Kyle,Lease,klease65@friendfeed.com,l7xefr
223,Ruddy,Sleigh,rsleigh66@usgs.gov,j5lmZu9k
224,Brianne,Connaughton,bconnaughton67@marketwatch.com,Qc2A2L3dgmT
225,Rockie,Maggiori,rmaggiori68@hatena.ne.jp,iBYjyG2OG
226,Baron,Raleston,braleston69@flickr.com,6PfQVGg5
227,Jephthah,Kemell,jkemell6a@harvard.edu,mM5Twzpg
228,Brigitte,Pollie,bpollie6b@sbwire.com,SXQxCu
229,Cairistiona,Castree,ccastree6c@list-manage.com,3EAUa3ZLP
230,Bernard,Mussard,bmussard6d@google.fr,77Kvdm6
231,Sam,Godwyn,sgodwyn6e@hhs.gov,i8BsNiT
232,Onfre,Mulhall,omulhall6f@howstuffworks.com,r7hCxr
233,Cazzie,Jentet,cjentet6g@canalblog.com,OI1mxayJvUUF
234,Gib,Capstaff,gcapstaff6h@hp.com,jF9jTB7fglX0
235,Rube,Life,rlife6i@google.ru,8o8oW7
236,Jaquelyn,De Metz,jdemetz6j@huffingtonpost.com,AQuEY2tJ2R
237,Lorri,Brelsford,lbrelsford6k@loc.gov,Nc0MKo
238,Harriette,Morby,hmorby6l@ow.ly,pYFiNX
239,Palmer,Sail,psail6m@ibm.com,v52avhv
240,Vivien,Creech,vcreech6n@stumbleupon.com,V2jiwyHE
241,Abby,Toone,atoone6o@ox.ac.uk,HioWpLX
242,Jaymee,Schimaschke,jschimaschke6p@moonfruit.com,36EedpK9
243,Siffre,Terran,sterran6q@earthlink.net,kwahDoi
244,Jeffy,Sibbet,jsibbet6r@state.gov,MH7kMgFajFD
245,Rossy,Deluca,rdeluca6s@uol.com.br,ewrQogrCNIBW
246,Muhammad,Klain,mklain6t@php.net,CBOv4qxxgrhe
247,Tedda,Meah,tmeah6u@people.com.cn,DATBh9lw
248,Jerrie,Manville,jmanville6v@imageshack.us,0Rw0paYL
249,Rafaelia,Hatto,rhatto6w@squidoo.com,9TfCwh3d3b
250,Amerigo,Lestrange,alestrange6x@eventbrite.com,LB7p8Ve23zeE
251,Germaine,Forlong,gforlong6y@friendfeed.com,9cc15g4A
252,Lucila,Maber,lmaber6z@diigo.com,CIbrVH2hZ
253,Dulcy,Lothean,dlothean70@hud.gov,xTVNZj0EzhFF
254,Dede,Brizland,dbrizland71@samsung.com,2SJbet8
255,Dita,Bucher,dbucher72@wordpress.com,roNz9LUW
256,Brenna,Baine,bbaine73@army.mil,nG8eUz7dkDd
257,Frank,Quinby,fquinby74@gizmodo.com,SJk2l8snm37v
258,Marin,Raselles,mraselles75@imageshack.us,Hle3TqeC
259,Adella,Feast,afeast76@cargocollective.com,XV5OrkxMKZf
260,Rozalie,Buncombe,rbuncombe77@amazon.de,NypMBQqFNeT
261,Bertina,Tilzey,btilzey78@spotify.com,LFc0gM
262,Leighton,Saban,lsaban79@de.vu,BzW7W5426Psu
263,Elisabetta,Manske,emanske7a@purevolume.com,Eg7V7MLd
264,Anita,Gensavage,agensavage7b@flavors.me,cbYdb22Z
265,Diane-marie,Linford,dlinford7c@clickbank.net,uTrc5qlWN0OG
266,Thea,Wainwright,twainwright7d@army.mil,68ZXdS0c5R7
267,John,Sallis,jsallis7e@who.int,KuEbYn28x65
268,Shell,Slucock,sslucock7f@youku.com,vb8CBJJDkhYL
269,Diannne,Nipper,dnipper7g@foxnews.com,UOkLbDr75PNN
270,Dacey,Klehn,dklehn7h@smugmug.com,k59y5VKwU
271,Finley,Cathery,fcathery7i@prweb.com,4cdRSD7V
272,Sibyl,Durston,sdurston7j@wiley.com,owiLVoDBThm
273,Jerrome,Yo,jyo7k@skyrock.com,DtpVbxnD
274,Alethea,Jacke,ajacke7l@unblog.fr,QILrvoB6M
275,Oby,Spilsbury,ospilsbury7m@blog.com,P9lKD9z4eTr
276,Edythe,Sinnatt,esinnatt7n@unicef.org,yImYqP4
277,Maible,Doy,mdoy7o@tamu.edu,Z8aTXVO1I
278,Nedi,Axe,naxe7p@creativecommons.org,N2pDPvpNq
279,Charity,Widmoor,cwidmoor7q@unicef.org,jZN4kJ4bF1m
280,Giraud,Aldham,galdham7r@networksolutions.com,dkglY4j5x8Lp
281,Leeanne,Eagling,leagling7s@arstechnica.com,zqENXMSmgaPA
282,David,Lamport,dlamport7t@mayoclinic.com,UQnmiaLub
283,Andy,Moyle,amoyle7u@imgur.com,iP93xqD0zo
284,Eolanda,Thews,ethews7v@networkadvertising.org,OOtFQcS
285,Bale,Waleworke,bwaleworke7w@hud.gov,0XskcVscdf7
286,Forster,MacDonnell,fmacdonnell7x@sakura.ne.jp,28G0A96LYiN
287,Tatiana,Nary,tnary7y@mlb.com,syFz43KLDVr
288,Angela,Menary,amenary7z@oracle.com,OVXlxQkE1
289,Spenser,Rossi,srossi80@baidu.com,sfFQN5BT5n
290,Lisle,Yuryaev,lyuryaev81@goodreads.com,iTueoggTW18
291,Harv,Aleso,haleso82@blogtalkradio.com,acQP9aN
292,Edwin,Skotcher,eskotcher83@t-online.de,02sN5O
293,Othello,Martell,omartell84@kickstarter.com,G1LJtiWG
294,Joly,Thorndycraft,jthorndycraft85@amazon.co.jp,ZgfGOG9awrg
295,Ami,Winnister,awinnister86@blogger.com,W84LnYn1kGO
296,Seline,Seacroft,sseacroft87@bravesites.com,IxOTeFPeJ8yK
297,Norbie,Horlick,nhorlick88@ifeng.com,GMdoROl
298,Edan,Rubenov,erubenov89@princeton.edu,R3dMrgN
299,Roseline,Pauletti,rpauletti8a@google.com.au,nxsFWDBi4jC
300,Rowe,Monaghan,rmonaghan8b@weibo.com,GnmWaWfOTjH4
301,Harriott,Clemo,hclemo8c@cnn.com,pgUXwxJ
302,Archibaldo,Fellon,afellon8d@istockphoto.com,OPTEOvJeUs
303,Hewie,Stitch,hstitch8e@hud.gov,u0hPeP6n
304,Gae,Pendlington,gpendlington8f@stanford.edu,pPAO6OG0H
305,Karoly,Paur,kpaur8g@unc.edu,A4HAyd6WRKM
306,Marguerite,Island,misland8h@google.nl,Jxi4ceJQb
307,Boris,Rozsa,brozsa8i@npr.org,XpVHuIw
308,Jenelle,Cromb,jcromb8j@imdb.com,BwFsMsN62yiH
309,Antonino,Jorio,ajorio8k@msn.com,EFtq3aXAe7
310,Dorrie,Beminster,dbeminster8l@tripadvisor.com,PQOt7g
311,Donielle,Antonnikov,dantonnikov8m@4shared.com,q8bQZJj
312,Melisse,Smewin,msmewin8n@exblog.jp,P8Y9eEfx
313,Luisa,Llopis,lllopis8o@taobao.com,oGL5FHE5uqPG
314,Kettie,Imlaw,kimlaw8p@macromedia.com,a6RuWia5UGut
315,Pauly,Touson,ptouson8q@imageshack.us,PfibsA
316,Jayne,McKerron,jmckerron8r@springer.com,mp2QUjR382
317,Gregorius,Tetther,gtetther8s@examiner.com,jxJvIKvVw35
318,Jacklin,Pooly,jpooly8t@slideshare.net,rMpFEafqMRvd
319,Crissy,Shortland,cshortland8u@gmpg.org,DLMgAWiOX9VU
320,Sherwood,Shermore,sshermore8v@newsvine.com,xq0t8MHW55b
321,Ginnie,Remmers,gremmers8w@house.gov,37RWk20ak
322,Karon,Swales,kswales8x@usa.gov,OA8WCGitlj
323,Emelia,Holyard,eholyard8y@toplist.cz,PNk5Lppi
324,Thomasa,Noods,tnoods8z@so-net.ne.jp,f7dKP1wae3
325,Francis,McCormack,fmccormack90@blog.com,w99AHK
326,Roze,Hobbema,rhobbema91@networksolutions.com,OiPuScl
327,Evvie,Derobert,ederobert92@delicious.com,uLHKlsModHu
328,Lorianne,Laidler,llaidler93@ow.ly,ya8iyE
329,Gayla,Turley,gturley94@w3.org,BBJ8612m
330,Clementius,Pattington,cpattington95@answers.com,lnXvz722ez4
331,Cassey,Clipsham,cclipsham96@prlog.org,kVRSFxAc
332,Ramonda,Wetherhead,rwetherhead97@furl.net,LGJNWUNhzD0
333,Rachael,Foad,rfoad98@whitehouse.gov,IF3yGYH
334,Darren,Jerosch,djerosch99@tripadvisor.com,IAZfZohAxt
335,Nelle,Dash,ndash9a@marketwatch.com,u7UOg2k4cVY
336,Donni,Dummett,ddummett9b@dyndns.org,NJUnIl1Oy
337,Nannette,Godfray,ngodfray9c@lycos.com,eSjjS3lV1GZ
338,Stormy,Chattelaine,schattelaine9d@altervista.org,MviGTQu
339,Sacha,Urwin,surwin9e@liveinternet.ru,Oa8BkO0WA
340,Dame,Oppie,doppie9f@hc360.com,CmIW2aRo
341,Michaelina,Bleas,mbleas9g@yale.edu,9uFSZcH
342,Rustin,Dreghorn,rdreghorn9h@wunderground.com,ARSXWWp
343,Hort,Benge,hbenge9i@spiegel.de,9bZ2Khh
344,Anallese,Opie,aopie9j@digg.com,AOP7o8NWUcz
345,Zacharias,Hebard,zhebard9k@webeden.co.uk,QcjOf2DV1Wpt
346,Mathilda,Robshaw,mrobshaw9l@github.com,vghscZdA
347,Marie-ann,McCrow,mmccrow9m@sourceforge.net,ZMQ6keS97Ecs
348,Rorie,Rapier,rrapier9n@nifty.com,EaZkJxpt
349,Brigitte,Treadgear,btreadgear9o@webmd.com,nQ9hPjV
350,Marieann,Attril,mattril9p@unc.edu,I6dLIzjKX9Ep
351,Tripp,Dumbell,tdumbell9q@goo.ne.jp,v4wZSpfcxJ
352,Jarrid,Armstead,jarmstead9r@fastcompany.com,DicervRfp
353,Orland,Shadfourth,oshadfourth9s@bbc.co.uk,U0JSoklmC6F
354,Filberte,Cursey,fcursey9t@wiley.com,LE5h4Qrh
355,Wyndham,Gard,wgard9u@histats.com,PoD3Zhor9
356,Bartel,Danbye,bdanbye9v@china.com.cn,zK6l28aAJgD4
357,Gavin,Pendlington,gpendlington9w@paypal.com,1cPrkwB0
358,Lorilyn,McKeon,lmckeon9x@1und1.de,699lYuTthm0
359,Dunn,Waddoups,dwaddoups9y@reference.com,F97PfRm
360,Nicko,Scafe,nscafe9z@washingtonpost.com,qhKii4qkPo
361,Antin,Sturrock,asturrocka0@weibo.com,rD8TkYTCu2
362,Reginauld,Stille,rstillea1@foxnews.com,KolDmO5hS
363,Carlie,Cashin,ccashina2@mapy.cz,SZa8Sz6P
364,Cassie,Greve,cgrevea3@hubpages.com,dfNLtlpl
365,Lezlie,Piola,lpiolaa4@theatlantic.com,74p9NtZOw
366,Dwain,Motion,dmotiona5@meetup.com,MrpbOk
367,Robers,McFadzean,rmcfadzeana6@ihg.com,YCp7EpbBbUte
368,Noella,Willbourne,nwillbournea7@nytimes.com,TQBfTcs8CZW
369,Simmonds,Tett,stetta8@yale.edu,8zskJj
370,Ahmad,Northidge,anorthidgea9@ask.com,LqgTz77f
371,Franky,Peers,fpeersaa@bbb.org,fjCiGAdE
372,Gillan,Zaniolini,gzanioliniab@patch.com,MQjwYlyQ3
373,Calvin,Eble,cebleac@live.com,uzpKNS
374,Mitchell,Gonning,mgonningad@about.com,aSbSvHyUih
375,Tyrus,Ruvel,truvelae@unblog.fr,aS1Lg5uU
376,Patience,MacDonald,pmacdonaldaf@hp.com,8JNP34UzFO
377,Gwendolyn,Jeafferson,gjeaffersonag@eventbrite.com,1U3ojtB15GT
378,Virge,Trouncer,vtrouncerah@marriott.com,14Aorc
379,Alika,Haxby,ahaxbyai@google.co.uk,EO00BV
380,Bastien,Pinkerton,bpinkertonaj@sbwire.com,ZqbjSZg
381,Tamiko,Slowcock,tslowcockak@ibm.com,GfkAlN
382,Allison,Dansken,adanskenal@howstuffworks.com,y1IdenL7
383,Hasty,Cicerone,hciceroneam@ask.com,qsM9ZbUhYTP
384,Fritz,Avo,favoan@omniture.com,QEl8lkb
385,Tobi,Legan,tleganao@digg.com,bBta6Erj406
386,Tripp,McCraw,tmccrawap@exblog.jp,yDQtYR
387,Raeann,Creelman,rcreelmanaq@nps.gov,vA6q0zIel
388,Davy,Skoughman,dskoughmanar@un.org,ryeyY4
389,Angelika,Shovlar,ashovlaras@unblog.fr,mJajJc7
390,Ellene,Tenant,etenantat@newsvine.com,ELbQsY
391,Amalia,Algy,aalgyau@ox.ac.uk,tvO9YGzA
392,Gregg,Raigatt,graigattav@washingtonpost.com,r5w2kqHqOz
393,Prudence,Mostyn,pmostynaw@mozilla.com,HqyctBLHIS
394,Elyssa,Utridge,eutridgeax@multiply.com,vStBObaFfuq
395,Bella,Waumsley,bwaumsleyay@gnu.org,jygQyX
396,Minni,Barreau,mbarreauaz@gnu.org,dD4aKMiZUyd
397,Ailis,MacAne,amacaneb0@cam.ac.uk,B7CwRqgv0
398,Blondie,Raspel,braspelb1@uol.com.br,sEfZWF
399,Jsandye,Faughey,jfaugheyb2@goo.ne.jp,FbsRH1w7U5kp
400,Matty,Bruhnke,mbruhnkeb3@virginia.edu,Fa3X82X
401,Kass,Biever,kbieverb4@wunderground.com,8jao6q1k
402,Shelba,Croizier,scroizierb5@nasa.gov,lgwnJha9mC
403,Abagael,Gouldstraw,agouldstrawb6@patch.com,pCh4QZBtUH2
404,Noami,Forre,nforreb7@scientificamerican.com,Brfk1CYEi
405,Pacorro,Cestard,pcestardb8@usgs.gov,6aUrWr5LT
406,Del,Peaurt,dpeaurtb9@freewebs.com,rJpUYpP36cGF
407,Padriac,Ropkins,propkinsba@unblog.fr,dEPjzLODQ
408,Jessie,Elrick,jelrickbb@technorati.com,mu1T10
409,Beitris,Davage,bdavagebc@dedecms.com,FOQeXkJpjeaj
410,Eveline,Garces,egarcesbd@diigo.com,5dNa3SN
411,Jarret,Hefford,jheffordbe@europa.eu,LwAzzvPAmu
412,Cathrin,Wilton,cwiltonbf@businesswire.com,vM4M4J0F
413,Dollie,Penright,dpenrightbg@amazon.com,j4DsRZJ
414,Buffy,Jellico,bjellicobh@trellian.com,8kapHuT
415,Stefan,Alekseicik,salekseicikbi@boston.com,zCLtzZ6
416,Eugen,Varvell,evarvellbj@webeden.co.uk,M7Qn4xcV
417,Olivie,Iacomettii,oiacomettiibk@furl.net,h1VSsoE
418,Raphaela,Lound,rloundbl@indiegogo.com,rwk9hiQzPyu
419,Prissie,Boultwood,pboultwoodbm@tripod.com,jK0zeA3m
420,Katrine,Hurich,khurichbn@ask.com,knSuAj56H
421,Corbett,Garrelts,cgarreltsbo@auda.org.au,dFYKwFdeC83
422,Ingaborg,Adacot,iadacotbp@umn.edu,oCQItpN
423,Nickolas,Lammerich,nlammerichbq@51.la,sXobGuV1eJw
424,Shellysheldon,Moffatt,smoffattbr@adobe.com,QDn0apwFJ6e
425,Dacia,Emmanuel,demmanuelbs@apple.com,4ZeEBSip
426,Inez,Sheekey,isheekeybt@fotki.com,3KHGzji
427,Jay,Goacher,jgoacherbu@wunderground.com,LmfDeR
428,Otes,Inseal,oinsealbv@aboutads.info,OJHRfm5X8MSx
429,Carlina,Featherston,cfeatherstonbw@wix.com,9IVvzk
430,Kimble,Paddingdon,kpaddingdonbx@wufoo.com,fbnh1JsxpC
431,Ruby,Terzo,rterzoby@freewebs.com,uizfDj4lEP
432,Linea,Teather,lteatherbz@hao123.com,RPKCSQx3Ba4
433,Fran,Deason,fdeasonc0@issuu.com,g5JAVlwseJ3n
434,Ninnette,Randalston,nrandalstonc1@usgs.gov,5Hj7uwmb6wo
435,Rorke,Capehorn,rcapehornc2@usa.gov,ToPO0Ut7d
436,Stinky,Hollerin,shollerinc3@tinypic.com,lCtyUNinxI
437,Tani,Dutson,tdutsonc4@rediff.com,PXoHZ7mbR
438,Eimile,MacConnell,emacconnellc5@senate.gov,uT9ttuuL
439,Herbie,Shardlow,hshardlowc6@whitehouse.gov,xDqNcZYW
440,Kaile,Antonescu,kantonescuc7@xrea.com,a5KoUa8ei2v
441,Roderich,Hegg,rheggc8@ovh.net,9EGRJo
442,Brendin,Joreau,bjoreauc9@creativecommons.org,rzqUixxXMyB
443,Sanders,Pringuer,springuerca@quantcast.com,sUZciicG
444,Fulton,Footitt,ffootittcb@skype.com,4SDIQeFAZFHi
445,Gretna,Dempsey,gdempseycc@exblog.jp,eHcXmCI
446,Arthur,O'Quin,aoquincd@smh.com.au,N9nmpKtb3ssF
447,Adelind,Jeste,ajestece@purevolume.com,dQoYUABU
448,Deanna,Hall-Gough,dhallgoughcf@economist.com,Cp1Zc2
449,Pacorro,Jossel,pjosselcg@sfgate.com,587ODf
450,Jo,Gooden,jgoodench@blogs.com,6HM4WbUMwG
451,Layne,Stagge,lstaggeci@wikimedia.org,N990Swzv88
452,Marina,Alfonsetto,malfonsettocj@multiply.com,IlYJu7w7YOYX
453,Brewer,Graber,bgraberck@gizmodo.com,y31qjAF
454,Victoria,Broader,vbroadercl@usda.gov,izdVyUaC9V
455,Purcell,Stockall,pstockallcm@altervista.org,j181KtttpVQ
456,Rance,Coale,rcoalecn@weebly.com,qewSlcx
457,Mallorie,Ulyet,mulyetco@illinois.edu,KLTRJ3Mj
458,Lory,Shurey,lshureycp@nasa.gov,1C0nT0j
459,Delphine,Mickelwright,dmickelwrightcq@reuters.com,8Nsw3eKaJTa
460,Abdel,Duley,aduleycr@naver.com,lFylkR2c
461,Jonie,Hoff,jhoffcs@nbcnews.com,qKfwg0H
462,Sheelagh,Daft,sdaftct@163.com,mGkEUJGmjQUO
463,Gloria,Bantham,gbanthamcu@csmonitor.com,lpi8QRopM0pZ
464,Tymon,Franckton,tfrancktoncv@1688.com,O2XAyaQv5t
465,Mia,Paulo,mpaulocw@themeforest.net,ZQIHnYh2Z
466,Hermy,MacCurtain,hmaccurtaincx@scribd.com,xigJar3oG
467,Simone,Leveret,sleveretcy@furl.net,fHMwg02JU
468,Shirl,Schruyer,sschruyercz@mysql.com,Mn9dexlf
469,Eachelle,Pobjay,epobjayd0@cam.ac.uk,qThJcxq1k
470,Ulises,Dorken,udorkend1@woothemes.com,nOFZQB1tA4V
471,Manon,Newns,mnewnsd2@odnoklassniki.ru,qpAJp5b2
472,Elwin,Baudinet,ebaudinetd3@rambler.ru,6SZqjCZMBO
473,Danni,Clendennen,dclendennend4@digg.com,sSuXjiT6M
474,Bethany,Dooman,bdoomand5@vkontakte.ru,GYGUtKa7WrC
475,Jeramie,Scouler,jscoulerd6@mediafire.com,PjknkQBV48t
476,Calv,Hibbart,chibbartd7@apple.com,bfKpUVMt4
477,Penelopa,Gilffilland,pgilffillandd8@vk.com,r30dDJaLcZ
478,Keriann,Natt,knattd9@jimdo.com,I45LCvSrqz
479,Alberik,Mohring,amohringda@fc2.com,L24J0zL
480,Alverta,Lowdyane,alowdyanedb@oracle.com,uW0AuMlt1J
481,Elbertina,Reeken,ereekendc@gizmodo.com,BH09effSk6zN
482,Godfry,Summerskill,gsummerskilldd@bigcartel.com,Gnpdkd9lcS5e
483,Elmer,Webb-Bowen,ewebbbowende@delicious.com,ribfSs0
484,Celinda,Egdell,cegdelldf@slideshare.net,pgLE4kk
485,Hilton,Nund,hnunddg@reference.com,alOEn4uPaC
486,Idette,Totaro,itotarodh@drupal.org,53G8sWd3A3
487,Dierdre,Denekamp,ddenekampdi@nifty.com,YoP8iLIjb
488,Doyle,Probbin,dprobbindj@hud.gov,7LXvAKB0
489,Eben,Trustram,etrustramdk@fema.gov,e6KzVuWVNQ
490,Mart,Hardwell,mhardwelldl@networksolutions.com,F3lSPKfKv
491,Ellyn,Jerrand,ejerranddm@gravatar.com,sVEpESBmgmda
492,Kiah,Oliver-Paull,koliverpaulldn@seattletimes.com,rrssLXoD4
493,Barth,Lubbock,blubbockdo@amazon.com,XLbt2p
494,Zonnya,Compton,zcomptondp@ted.com,GCojpf56BxPO
495,Valentine,Nawton,vnawtondq@soup.io,Bzh4JVth01VX
496,Peg,Beattie,pbeattiedr@devhub.com,7aPvvpvjEDg
497,Emilee,Dwelly,edwellyds@shinystat.com,qRY9VnSR
498,Adelice,Doull,adoulldt@reddit.com,EclEFTucGKIW
499,Morgan,Dunsire,mdunsiredu@goo.ne.jp,bXQQz5kI
500,Rice,Gooderidge,rgooderidgedv@baidu.com,CvUvdwu
501,Jaine,Guillou,jguilloudw@godaddy.com,uxdTUZgwI8MK
502,Bev,Sowthcote,bsowthcotedx@hatena.ne.jp,jNNYbVc99k3w
503,Alicea,Jordin,ajordindy@jiathis.com,nN2uNX5231X
504,Vinita,Guidera,vguideradz@washingtonpost.com,oEP18oG
505,Rickey,Boyce,rboycee0@tinypic.com,AOikRa6GI2c
506,Berna,Paudin,bpaudine1@drupal.org,A6syYH
507,Vita,Egle,veglee2@ca.gov,20psqXgUiN
508,Eimile,Feasley,efeasleye3@blogtalkradio.com,1f2lhRRMSvzb
509,Hunt,Illesley,hillesleye4@eepurl.com,kPTPDCUNct
510,Mallissa,Petrovsky,mpetrovskye5@flavors.me,vUNqH6Hif
511,Morten,Eastment,meastmente6@mtv.com,Z1KbO2y
512,Abby,Towsie,atowsiee7@addthis.com,T4jFHWFL
513,Kiley,Kiezler,kkiezlere8@bluehost.com,FpYClqhelYw2
514,Abbi,Oland,aolande9@hp.com,73J9X6Es
515,Maxie,Trusslove,mtrussloveea@twitter.com,8ewJ5f0an
516,Hallsy,Mainston,hmainstoneb@list-manage.com,clhA2R8ID
517,Joby,Dixcey,jdixceyec@cnn.com,CVylGH5CXaO
518,Shanta,Rhydderch,srhydderched@accuweather.com,rFMfWs94nz
519,Harrietta,Davsley,hdavsleyee@google.ca,Jukkv9dpDYE8
520,Crysta,Duffus,cduffusef@businesswire.com,CnIKWC
521,Meg,MacFie,mmacfieeg@nbcnews.com,wgp17p8l1yhK
522,Aguste,Frankish,afrankisheh@auda.org.au,SFP1mPvp
523,Eden,Lindholm,elindholmei@latimes.com,cU1u0Kt
524,Coral,Beardall,cbeardallej@symantec.com,0YXZsU9i
525,Floria,Iacobassi,fiacobassiek@yahoo.com,HhDLRhih
526,Gaven,Cowe,gcoweel@ca.gov,TESi60KQM7
527,Elvis,Sowrah,esowrahem@howstuffworks.com,cbKfhv8JaO
528,Hastie,Bartholin,hbartholinen@xrea.com,YJDdwb
529,Karee,Knappen,kknappeneo@discovery.com,XZgjiWW
530,Cassey,Simony,csimonyep@miitbeian.gov.cn,XA9ZXLZVmbE9
531,Wendeline,Rennick,wrennickeq@ca.gov,pfufAVinnHa
532,Ammamaria,Gann,aganner@cpanel.net,hfKyMtf4K6W
533,Devi,Povey,dpoveyes@example.com,PuEDus
534,Holly,Sharland,hsharlandet@aboutads.info,ixoUAkNBPDVA
535,Miranda,Pettifer,mpettifereu@telegraph.co.uk,E9N4iP
536,Efren,Sahlstrom,esahlstromev@bandcamp.com,YcBGmkAeh0Q
537,Clarissa,Fakes,cfakesew@cam.ac.uk,ZFsBWS
538,Jaquith,MacCole,jmaccoleex@e-recht24.de,6vZsJcXF
539,Leland,Loody,lloodyey@wix.com,Uq38nTjH9dcN
540,Vivyanne,McGill,vmcgillez@weather.com,xEbQbTNiEV
541,Margette,Delgua,mdelguaf0@cbsnews.com,o67tkVocfBtn
542,Monika,Brightling,mbrightlingf1@opera.com,3jRitpJ8
543,Adelind,Lowey,aloweyf2@cnn.com,qsUe5K
544,Dionis,Alcott,dalcottf3@huffingtonpost.com,o2QrJtxTQtx
545,Basil,Myrkus,bmyrkusf4@aol.com,J4t0OUk4xmMJ
546,Ernie,Cullington,ecullingtonf5@360.cn,ieBbLt
547,Blondell,Cobbold,bcobboldf6@ebay.com,kbmNLVPy8
548,Sharai,Siret,ssiretf7@sciencedirect.com,2cvmhqiQ0w
549,Aeriell,Capelin,acapelinf8@photobucket.com,WIrSXD0t1SZ
550,Juana,Bendix,jbendixf9@webs.com,pCL7qyxD3
551,Quinta,Armiger,qarmigerfa@ox.ac.uk,XfM3jJttW
552,Lawry,Ferrolli,lferrollifb@hp.com,rbutQDeP
553,Bondy,Garmons,bgarmonsfc@jiathis.com,ZPYgDLY
554,Maxy,Marlin,mmarlinfd@umich.edu,GBxXE4Xg
555,Dick,Bruni,dbrunife@sphinn.com,3CRc1Mb
556,Tremayne,Errett,terrettff@furl.net,w9b9sonrNhO
557,Donella,Pilbeam,dpilbeamfg@163.com,juCcD8
558,Mandi,Kynvin,mkynvinfh@hud.gov,9f1vO6F5AuMB
559,Salomi,Sustins,ssustinsfi@acquirethisname.com,c7Mnd6HaCWt
560,Hersch,Greguoli,hgreguolifj@quantcast.com,X9meDmqNaLoA
561,Ivan,Petyanin,ipetyaninfk@guardian.co.uk,SrCVQIzpowVZ
562,Ferdinanda,Melin,fmelinfl@yellowpages.com,mt3lAM
563,Rachael,Hadcroft,rhadcroftfm@apache.org,8QkG4QcIuHb
564,Nikaniki,Sturridge,nsturridgefn@scribd.com,wFa644EAQDT
565,Daryl,Treslove,dtreslovefo@soundcloud.com,WIbmGu
566,Boris,Pykett,bpykettfp@google.com.br,FlCCXdA9sIVE
567,Maryl,Vasyuchov,mvasyuchovfq@cbslocal.com,0kHrsFBWoq
568,Fifi,Heinicke,fheinickefr@de.vu,nLzpoHwFtM
569,Tobiah,McMeanma,tmcmeanmafs@squarespace.com,Y5pFXO3ReHH
570,Yolande,Yeoland,yyeolandft@wikimedia.org,ITvufjx0UZPy
571,Cecilius,How,chowfu@ustream.tv,dSJQcwflSIX
572,Jay,Eannetta,jeannettafv@seattletimes.com,bRTBPH06tek
573,Gasparo,Mattessen,gmattessenfw@twitter.com,7lOSKGwE
574,Marlene,Clapshaw,mclapshawfx@over-blog.com,5U82ez1ipyf9
575,Beryle,Freund,bfreundfy@google.es,FBoXjQJE2BJk
576,Belita,McGinty,bmcgintyfz@reddit.com,RXulRdsR
577,Jeremy,Manuello,jmanuellog0@1688.com,aRi600uW
578,Lucienne,Dureden,lduredeng1@wp.com,KHS4D15
579,Randi,Camamile,rcamamileg2@google.pl,MT2w0VSbeS
580,Morse,Kinnach,mkinnachg3@discuz.net,tK1OdbR46lbO
581,Frants,Pavese,fpaveseg4@ning.com,jflqglQ
582,Chaim,Rowena,crowenag5@gnu.org,7KXem1H4He
583,Ferdinande,Ainscough,fainscoughg6@google.cn,4dBIa9d9
584,Ashby,Pledger,apledgerg7@bloglines.com,lndJDkPsEkRn
585,Clo,Antonias,cantoniasg8@exblog.jp,j5trUmv
586,Wanda,Donaldson,wdonaldsong9@washingtonpost.com,eyXXv3G
587,Rocky,Murch,rmurchga@skyrock.com,Oeh1sIywC4nY
588,Ursulina,Capini,ucapinigb@cmu.edu,MamHd8zhabc7
589,Nana,Crowder,ncrowdergc@biblegateway.com,vZK3Ir6XW3
590,Sergent,Bunyard,sbunyardgd@cdc.gov,qYZJIw5b
591,Maggee,Pierse,mpiersege@independent.co.uk,Vyla6b
592,Arlyne,Dron,adrongf@exblog.jp,8vpejBzm
593,Sherilyn,Fomichyov,sfomichyovgg@patch.com,ibkzyV
594,Guillermo,Lurner,glurnergh@dagondesign.com,Fa3B1vqy3YC
595,Tildie,Dutt,tduttgi@google.co.uk,F1ZHUKhCrO
596,Merola,McKevin,mmckevingj@mozilla.org,HiJjrLj
597,Pietra,Koppke,pkoppkegk@youku.com,vp8yWJ
598,Lindsay,Shurlock,lshurlockgl@yahoo.co.jp,hje9N8oY2pk
599,Dani,Urwen,durwengm@ezinearticles.com,lcrN17tgaoEw
600,Eva,Myderscough,emyderscoughgn@behance.net,ldp93bYhip
601,Man,Nelissen,mnelissengo@si.edu,TPSAoL4dU
602,Vittoria,Bau,vbaugp@time.com,pEeQZnGe
603,Renell,Yardley,ryardleygq@cocolog-nifty.com,V2ZJqfqim6
604,Farrell,Canland,fcanlandgr@salon.com,p7i1aZX7ycRq
605,Othella,Rumin,orumings@mtv.com,BfPrl5xbbXtr
606,Karlee,Bremeyer,kbremeyergt@unesco.org,7reTRbw158i
607,Dalton,Minard,dminardgu@wsj.com,FQqY1BY6Vgq
608,Deb,Keavy,dkeavygv@state.tx.us,P1ncmH5YaA5
609,Giffy,Hainey`,ghaineygw@google.ru,D71uNkvk
610,Devan,Cush,dcushgx@ocn.ne.jp,RNdTpiM
611,Mab,Pittwood,mpittwoodgy@digg.com,fmFaVzWx
612,Riane,Aldie,raldiegz@nyu.edu,MKu3xja0
613,Bank,Titlow,btitlowh0@google.com.hk,vFmBR5js
614,Trixi,MacGaffey,tmacgaffeyh1@wufoo.com,WgpdLrdSq
615,Selie,Ankrett,sankretth2@bbb.org,PZRbRBHMQ3WK
616,Miner,Luffman,mluffmanh3@blogger.com,DmBP8JQY
617,Astrid,Cleveley,acleveleyh4@theatlantic.com,gDU7aPzk7htm
618,Marna,Casin,mcasinh5@ucoz.ru,a1XyZmqvm9
619,Levin,MacKeever,lmackeeverh6@unesco.org,tgSUOfkQm
620,Spike,Bellsham,sbellshamh7@symantec.com,4rnskaDL
621,Hermia,Bradbury,hbradburyh8@chronoengine.com,0TpiRM
622,Reggie,Bowdrey,rbowdreyh9@imageshack.us,cNGfeN
623,Rollo,Uzelli,ruzelliha@twitter.com,j0Nk7k
624,Leonid,Jurries,ljurrieshb@imgur.com,noVqcgc1
625,Joachim,Coltan,jcoltanhc@shop-pro.jp,dCZ6M3t0
626,Adelaida,Hounsome,ahounsomehd@squidoo.com,lGjYmgF
627,Astrix,Marcum,amarcumhe@nsw.gov.au,S5RNpBd
628,Maighdiln,Tee,mteehf@free.fr,6sI59ucBdcCi
629,Erna,Blacklidge,eblacklidgehg@abc.net.au,L3JPRUf
630,Tadeo,Negri,tnegrihh@fotki.com,Vgi6Z5vO
631,Monica,Colrein,mcolreinhi@studiopress.com,zDCXlBw
632,Britni,Urch,burchhj@yellowpages.com,CAOhaWv
633,Farley,Dougary,fdougaryhk@google.nl,7B5wUQlAzB7
634,Loy,Ankrett,lankretthl@tripod.com,wTslW0Zt
635,Sharona,Louch,slouchhm@shutterfly.com,CNXQd4uv2w
636,Maxie,Edleston,medlestonhn@google.co.uk,KcxECZvaHdb8
637,Hartwell,Quested,hquestedho@ibm.com,hcGqWLED
638,Hilary,O'Hartnett,hohartnetthp@earthlink.net,7aAkkd
639,Norrie,Willingham,nwillinghamhq@moonfruit.com,u4Iukm1r4
640,Harris,Knutton,hknuttonhr@surveymonkey.com,T6ABNlSKjw
641,Vernor,McCloughlin,vmccloughlinhs@twitpic.com,qsidsz
642,Sonny,Yukhnini,syukhniniht@europa.eu,wP6TXq
643,Gael,Royall,groyallhu@biglobe.ne.jp,A6YmopZoDX1p
644,Aurelia,Sunman,asunmanhv@i2i.jp,gVMSfgQvCAG
645,Victoria,Manicomb,vmanicombhw@amazon.com,9ySwjg1FrE
646,Madelena,Nairn,mnairnhx@eventbrite.com,ybGqZn8
647,Decca,Ambrosoni,dambrosonihy@weibo.com,WRM08eQPAxlA
648,Annelise,Brandin,abrandinhz@tiny.cc,Ijotf0
649,Oberon,Munkley,omunkleyi0@about.com,rHBOnO0Bh8a
650,Diane,Vernazza,dvernazzai1@goo.ne.jp,ICaig0
651,Micheal,D'Orsay,mdorsayi2@sbwire.com,7mfqLI
652,Bank,Habbergham,bhabberghami3@hhs.gov,lMufGAdPh3
653,Guendolen,Mosby,gmosbyi4@ow.ly,bGh4bINP0
654,Bili,Waskett,bwasketti5@nytimes.com,BTz00V4ePQN
655,Arabela,Lemerle,alemerlei6@artisteer.com,lLtrW8AgF
656,Natala,Legon,nlegoni7@cafepress.com,zNU9WDB
657,Nichole,Shenfish,nshenfishi8@com.com,ndLhdVvTx8e
658,Yank,Kornyshev,ykornyshevi9@cnbc.com,ZKBkW73GZg
659,Trina,Baybutt,tbaybuttia@simplemachines.org,dAmhqXH
660,Carolina,Peddar,cpeddarib@a8.net,JqI7sZRFNOYt
661,Onfroi,Bizzey,obizzeyic@bbb.org,vHGawU
662,Jenelle,Trusler,jtruslerid@answers.com,GWitkXru0
663,Jodee,Batey,jbateyie@chronoengine.com,5nfkKpQvQa0M
664,Jennette,Goodoune,jgoodouneif@unicef.org,eMippgTCZ0v
665,Bessie,Germann,bgermannig@list-manage.com,nGq3aQ
666,Aluin,Deaves,adeavesih@bizjournals.com,orowmFfqe
667,Alanna,Auchterlony,aauchterlonyii@ameblo.jp,vaOUDteE9N
668,Trevor,Cestard,tcestardij@163.com,D9jJxHwTC
669,Eldin,Greeve,egreeveik@ftc.gov,Ue38P4a
670,Henryetta,Lunny,hlunnyil@t.co,NMmdMk3KaNQR
671,Joete,Barczewski,jbarczewskiim@spotify.com,zreBij
672,Harwell,Fist,hfistin@qq.com,Q2O3kdC7
673,Margarethe,Lipyeat,mlipyeatio@baidu.com,antDBw
674,Gail,Prandini,gprandiniip@posterous.com,gFYLSytoO
675,Ravi,McDuffie,rmcduffieiq@dedecms.com,a6erjXY5xE
676,Guglielma,Carrett,gcarrettir@tiny.cc,PNeKJVS8t8N
677,Michelina,Vedyasov,mvedyasovis@gnu.org,HLTXnDsClsu7
678,Taber,Eton,tetonit@msn.com,HWMPls
679,Donnie,Sambles,dsamblesiu@hexun.com,BSvyycJfTqcD
680,Biron,Merner,bmerneriv@theatlantic.com,mSolX5
681,Layton,Meugens,lmeugensiw@sciencedaily.com,lazwu6v
682,Evelyn,Pethrick,epethrickix@theguardian.com,OaLFrXc0GVXQ
683,Chen,Davoren,cdavoreniy@army.mil,ArkRGvyb
684,Anthe,Bresnen,abresneniz@nhs.uk,hjUdSG
685,Daisie,McCluin,dmccluinj0@ovh.net,lg29hENWUK6T
686,Loren,Woodhams,lwoodhamsj1@dot.gov,bTqfng
687,Dru,Bleaden,dbleadenj2@ifeng.com,1BFQk1Lr3z6
688,Trey,Pollitt,tpollittj3@cnn.com,ufg1ifITWI
689,Allyn,Calderbank,acalderbankj4@nba.com,aIga1Q6NBYg
690,Lauritz,Omand,lomandj5@jigsy.com,qHyBfL1YVSF
691,Nettle,Moyers,nmoyersj6@facebook.com,cW9RF04R9EG
692,Paquito,Keers,pkeersj7@about.me,kEqdDrfhIRRt
693,Joyann,Gail,jgailj8@globo.com,DrJrQp4cd
694,Brockie,Snaith,bsnaithj9@uol.com.br,Z6YN8YST
695,Rubina,Ovid,rovidja@pagesperso-orange.fr,YclBPtRWXOho
696,Brew,Mansford,bmansfordjb@apple.com,IrkHTzk
697,Lauren,Darville,ldarvillejc@themeforest.net,zuh1DW07C
698,Smith,Kyttor,skyttorjd@rambler.ru,vpokR3u
699,Billie,Lowrie,blowrieje@about.me,mK9IE7
700,Korey,Ipsgrave,kipsgravejf@oracle.com,I7BF2jlSsU
701,Giselbert,Brugmann,gbrugmannjg@mlb.com,XnjFgY
702,Dennison,Spooner,dspoonerjh@unesco.org,TF72cdHuWV
703,Tye,Emney,temneyji@umn.edu,VrfE2KJES
704,Guendolen,Beelby,gbeelbyjj@ft.com,3lBwnz
705,Kliment,Craighill,kcraighilljk@dailymail.co.uk,vH0XzTuVpsz7
706,Jemmy,Callaby,jcallabyjl@fotki.com,NF6nIWQJU
707,Avrom,Cakes,acakesjm@sun.com,HVhIBzsJj4l1
708,Manda,Lambswood,mlambswoodjn@google.ca,gDnUyX9
709,Tucky,Rough,troughjo@lycos.com,5r3J5NH
710,Jessi,Mardy,jmardyjp@feedburner.com,kRpXsWm6ziZZ
711,Valina,Zelake,vzelakejq@businesswire.com,DXidY04YqEOB
712,Rhianna,Bernardy,rbernardyjr@theguardian.com,sO4W3fTapg
713,Boyd,des Remedios,bdesremediosjs@vimeo.com,dWasKo1OB
714,Rog,Ingles,ringlesjt@wiley.com,tEkcz4e7
715,Rhonda,Lindell,rlindellju@who.int,wHi3rwmSXNv
716,Brita,McKern,bmckernjv@wp.com,IqPlZmGf
717,Johnette,Maplestone,jmaplestonejw@shinystat.com,1KTDyV84FH
718,Kerrill,Scarisbrick,kscarisbrickjx@opera.com,CPRmdQgs9RC
719,Jemie,Duinbleton,jduinbletonjy@yellowpages.com,SuLjjFFy0f
720,Rudolfo,Bufton,rbuftonjz@imgur.com,OrP4ih
721,Adrian,Franckton,afrancktonk0@homestead.com,6bZnN3
722,Nichol,Dorbon,ndorbonk1@bigcartel.com,sKQwbs
723,Jerald,Stitwell,jstitwellk2@smugmug.com,VfpoRar
724,Merrill,Nunns,mnunnsk3@dedecms.com,XQNO6dvhk9R
725,Devy,Dodridge,ddodridgek4@histats.com,vZ0XGg
726,Kora,Whibley,kwhibleyk5@squarespace.com,HovAEh
727,Dorita,Shingler,dshinglerk6@buzzfeed.com,JSBv0gH2xJ
728,Ken,Eakens,keakensk7@washingtonpost.com,49g4MlvjQv
729,Modestia,de Voiels,mdevoielsk8@walmart.com,BbNAww4
730,Welch,Tourle,wtourlek9@fda.gov,Vo9GWGh1bkn
731,Car,Cray,ccrayka@photobucket.com,sipf6T0y1
732,Eben,Haigh,ehaighkb@amazon.de,B5Cbs3Q0uQE
733,Chip,de Guise,cdeguisekc@irs.gov,04MCqmVjhhT
734,Horace,Stother,hstotherkd@stumbleupon.com,x10mdzOxMF
735,Meryl,Kaasmann,mkaasmannke@smugmug.com,02G8WFhA
736,Donnajean,Konrad,dkonradkf@japanpost.jp,T1LRsOg
737,Ingrim,Whacket,iwhacketkg@admin.ch,bBtZD80opn
738,Derek,Marson,dmarsonkh@yahoo.com,GbEcjH91Zk7
739,Fergus,Filinkov,ffilinkovki@amazon.co.jp,Jf9zlvAvpVKk
740,Guenevere,Backshaw,gbackshawkj@purevolume.com,GX67aCdB6Z
741,Grannie,Lagden,glagdenkk@globo.com,XnsTMEPN8kKV
742,Kippy,Delatour,kdelatourkl@cbc.ca,WbXfEMdQUzf
743,Yurik,Beavors,ybeavorskm@instagram.com,lkoXT98Z4lL
744,Bobbee,O'Halleghane,bohalleghanekn@seattletimes.com,vj9TXPCweK
745,Nichol,Woodruff,nwoodruffko@dot.gov,JQGH3iqq
746,Monica,Derye-Barrett,mderyebarrettkp@nps.gov,TBDWVfU9MM
747,Caralie,Lange,clangekq@qq.com,1pXyYAauxw
748,Vivie,McGiven,vmcgivenkr@privacy.gov.au,wcMeCL8C
749,Cale,Gendricke,cgendrickeks@bravesites.com,hoqG9dJHv
750,Lois,Giller,lgillerkt@ihg.com,WBsqaw1XTZC
751,Aloysius,Mumm,amummku@furl.net,K7qvJaIG2y
752,Ralina,Stutard,rstutardkv@techcrunch.com,fHeoJ7t
753,Tallou,Tichelaar,ttichelaarkw@omniture.com,B1EtF9QyRQ
754,Stewart,Buesnel,sbuesnelkx@google.de,w6vDDTdH4T
755,Laughton,Sim,lsimky@google.co.uk,GtgWfeL5zH
756,Kinnie,Birkwood,kbirkwoodkz@mysql.com,89a6qdIfT2K
757,Kenneth,Scoon,kscoonl0@skyrock.com,D0nEGAFk
758,Risa,Blumire,rblumirel1@archive.org,ni3HwxI
759,Elga,Prettyjohn,eprettyjohnl2@paypal.com,4rgq7kWi
760,Dora,Petrescu,dpetrescul3@who.int,ZjriJNVL
761,Isis,Golland,igollandl4@networksolutions.com,6O2HKHQ
762,Alana,Schohier,aschohierl5@paginegialle.it,WgHovttSdgY
763,Dorella,Smaridge,dsmaridgel6@elegantthemes.com,u3jMQV
764,Phoebe,Mitford,pmitfordl7@a8.net,yKxk4eqWV
765,Alister,Buckham,abuckhaml8@scribd.com,t2PNBdK3NcYe
766,Carmella,Grigolon,cgrigolonl9@ucla.edu,WeS4r39pTdzd
767,Lonnie,Rivelin,lrivelinla@technorati.com,n9sci4Q
768,Teodoro,Espinola,tespinolalb@behance.net,YaiokNq1kTA
769,Yalonda,Feeley,yfeeleylc@moonfruit.com,sTY4tpYBz
770,Ario,Tulley,atulleyld@china.com.cn,Nx2iNpQ89b64
771,Joyan,Digweed,jdigweedle@amazon.co.uk,AKGaxf
772,Gennifer,Wilshaw,gwilshawlf@scientificamerican.com,9AHDICBg
773,Donielle,MacDermand,dmacdermandlg@goodreads.com,0xa3qKIAS6
774,Derick,Savege,dsavegelh@ox.ac.uk,rY1uHPuwGery
775,Selena,Whitesel,swhiteselli@hostgator.com,iGZeJDw
776,Kaylee,Gellion,kgellionlj@state.gov,qW3Npwhwz7
777,Anabella,Tousey,atouseylk@tumblr.com,j2urrciv
778,Rafe,Ayrton,rayrtonll@dion.ne.jp,sp3e4f
779,Ekaterina,Hayman,ehaymanlm@rakuten.co.jp,tV3mTaW
780,Marcela,Samme,msammeln@tiny.cc,WGlTfJJc
781,Adan,Andryszczak,aandryszczaklo@reference.com,xZuzyrZOnFem
782,Haley,Ramlot,hramlotlp@digg.com,qskzp7q
783,Aretha,Chivrall,achivralllq@cargocollective.com,fmZqz1
784,Milt,Zoren,mzorenlr@walmart.com,IaVI9q9SHQ
785,Baxy,Guilfoyle,bguilfoylels@scribd.com,HqN7x3VEuA
786,Christabella,Quinby,cquinbylt@usatoday.com,5hcdDhT
787,Lorry,Shipway,lshipwaylu@bing.com,AusFaY
788,Faina,Deary,fdearylv@lulu.com,HkZtoCSPvtK9
789,Pryce,Cluelow,pcluelowlw@bloomberg.com,cuQBXPH1UKP
790,Raynor,Oldroyd,roldroydlx@blogtalkradio.com,n4YosMy
791,Hildegarde,Mimmack,hmimmackly@umich.edu,MWOv11CbkZ5Q
792,James,Harrowing,jharrowinglz@woothemes.com,jWY7vhLDOS
793,Josefa,Ferschke,jferschkem0@europa.eu,TyEzucpp43wQ
794,Dukey,Roughsedge,droughsedgem1@chron.com,1oC62bCyax
795,Normand,Ronayne,nronaynem2@wikispaces.com,sDkdn12
796,Beltran,Barette,bbarettem3@whitehouse.gov,Y8t7zh
797,Stephanus,Bleby,sblebym4@unblog.fr,uwY3aT8
798,Bernice,Donisi,bdonisim5@apache.org,77Ox2IR2FNE
799,Shermy,Duddin,sduddinm6@marriott.com,qsdzY3HYy
800,Audry,Bowcock,abowcockm7@goo.gl,HGvBVXS
801,Zelda,Van den Velden,zvandenveldenm8@gnu.org,WSZzq5NB8O
802,Jewell,Agate,jagatem9@hc360.com,IlETBPbcyo2N
803,Jeffie,Talby,jtalbyma@myspace.com,T1zltZYzc
804,Gavrielle,Segot,gsegotmb@multiply.com,RTEQE1GVYiDJ
805,Debbi,Oakly,doaklymc@redcross.org,7zSDLAhD7E
806,Ariel,Lauga,alaugamd@ucoz.com,XyblcvB
807,Gordy,Mahedy,gmahedyme@miibeian.gov.cn,YucY2g
808,Aguste,Chicken,achickenmf@berkeley.edu,Z6p1XRm7pQT
809,Quinton,Childes,qchildesmg@artisteer.com,dwIHRmoNQ5Qi
810,Maggi,Applebee,mapplebeemh@independent.co.uk,UN3Rr64v
811,Thorin,Ahlf,tahlfmi@360.cn,BbwgH1PJmx7
812,Veronique,Copland,vcoplandmj@apple.com,vkqSUVdCcSA
813,Jade,Fargher,jfarghermk@newyorker.com,jEn0zYaaj8V
814,Jacynth,Sinclair,jsinclairml@weather.com,0QGUGzCdmV
815,Lucie,Malarkey,lmalarkeymm@addtoany.com,CyigOmT
816,Arturo,Vanini,avaninimn@gravatar.com,aFkjkI
817,Nefen,Klousner,nklousnermo@nih.gov,3me7MkCO
818,Cloris,Gorbell,cgorbellmp@i2i.jp,NLdLWN6Jj
819,Waylon,Savell,wsavellmq@hexun.com,8NHSsdhjj0
820,Jaclyn,Heinrici,jheinricimr@dropbox.com,F15rFBlpOZK
821,Erastus,Crebott,ecrebottms@cocolog-nifty.com,zdJ1QIoA4eJo
822,Mervin,Prettyman,mprettymanmt@nifty.com,FQ6cWb5t
823,Sascha,Heinrich,sheinrichmu@wp.com,7pdR9LJh
824,Ettie,Yannikov,eyannikovmv@mediafire.com,2merbL
825,Tanitansy,Seckom,tseckommw@bloglovin.com,fMnw2bCen
826,Amelita,Mozzini,amozzinimx@forbes.com,i8ac7Gf4Ix5e
827,Urban,McCallam,umccallammy@google.ca,O70JN4CoJ
828,Silvan,Glasper,sglaspermz@discovery.com,d4sUnJc
829,Tanitansy,Hens,thensn0@infoseek.co.jp,rF4Am2pc4OF
830,Rosalinda,Horsley,rhorsleyn1@amazon.com,v6aowq
831,Keary,Tollett,ktollettn2@imdb.com,xIfck5W
832,Kennan,Koch,kkochn3@ocn.ne.jp,aEzmYMwBBqWY
833,Jemima,De'Ath,jdeathn4@archive.org,9QKZ9C
834,Marjory,Jacobson,mjacobsonn5@example.com,Jx5vEFX
835,Sasha,Thibodeaux,sthibodeauxn6@photobucket.com,EopUCTiDK6
836,Ardenia,Brack,abrackn7@histats.com,73uDYEJhg
837,Mireille,Hurrell,mhurrelln8@disqus.com,n380bfA4JG9
838,Sile,Carass,scarassn9@blogspot.com,Gn58VetFhnHu
839,Dwain,Freschi,dfreschina@usgs.gov,pJxxHGoqAbl
840,Dennison,Mattingson,dmattingsonnb@mediafire.com,1Xn1XUFI6D
841,Cristen,Casina,ccasinanc@furl.net,OlmHBIax6zb2
842,Nowell,Scrauniage,nscrauniagend@dedecms.com,w4pYcN
843,Marissa,Radoux,mradouxne@walmart.com,58KZwz
844,Sibylle,Maplethorpe,smaplethorpenf@globo.com,x9HENg
845,Aldridge,Narducci,anarduccing@cmu.edu,Y0d6yAFGSS
846,Hiram,Michieli,hmichielinh@tmall.com,QJxMsL8
847,Burlie,MacLaren,bmaclarenni@weather.com,UTAMacR6jIi
848,Ralina,Custance,rcustancenj@samsung.com,wbuYxzIwTENe
849,Reiko,Marton,rmartonnk@woothemes.com,O3N3qBX0
850,Madlin,Mallia,mmallianl@smugmug.com,RNR0ata
851,Dena,Howorth,dhoworthnm@cnn.com,c3cuHcjbh
852,Dorie,Hocking,dhockingnn@pinterest.com,17RwMc
853,Yetta,Dunthorn,ydunthornno@hao123.com,n8BAnhJx0D
854,Dermot,Mixworthy,dmixworthynp@oakley.com,6naC7Lei
855,Hedvige,Chellam,hchellamnq@angelfire.com,iwM4AQMD
856,Ginelle,Dunbavin,gdunbavinnr@sfgate.com,wNOXMhTm2U
857,Oriana,Bleyman,obleymanns@slideshare.net,LI6wRTyOzvU
858,Marthena,Nossent,mnossentnt@1und1.de,eiMtSIAj
859,Clovis,Douch,cdouchnu@comsenz.com,kpmeOo
860,Cayla,Lyman,clymannv@globo.com,lTZGxstte
861,Artemis,Stoke,astokenw@omniture.com,n9uAdAcCcfki
862,Felipe,Bagworth,fbagworthnx@addthis.com,zg8itAfw1Azh
863,Christy,Gogerty,cgogertyny@tmall.com,lhsiJHmvgq
864,Elwira,Haddrill,ehaddrillnz@google.ca,A0W2ms6mqd
865,Rebecca,Findon,rfindono0@census.gov,IafCRGrM
866,Normy,Asipenko,nasipenkoo1@squarespace.com,69Y2fdiYaRh
867,Halsy,Lemasney,hlemasneyo2@nydailynews.com,XU98s9Tzi0sh
868,Bendite,Jost,bjosto3@pen.io,VS7MQH
869,Dunn,Beglin,dbeglino4@kickstarter.com,1NobIG
870,Quinta,Warrick,qwarricko5@parallels.com,t5oEG3
871,Ana,Penrith,apenritho6@people.com.cn,ASjnNK
872,Wit,Garfitt,wgarfitto7@ovh.net,Ahdi06mEpQ
873,Tasha,Southward,tsouthwardo8@taobao.com,mLE2XM77W
874,Billie,Alesi,balesio9@washington.edu,No4MHN
875,Marcello,Chestney,mchestneyoa@about.me,KlJF6zf7
876,Pascale,Jewitt,pjewittob@aboutads.info,DerVC4yJnhRk
877,Franklin,Joseph,fjosephoc@discovery.com,4vMWyLdHUGYl
878,Nannette,Ekins,nekinsod@google.com.hk,iE9b3FbTQlOv
879,Solly,Humphrys,shumphrysoe@apache.org,TGCwyvA2xxI
880,Adrianne,Scrowston,ascrowstonof@bbb.org,xoyp8lCFzB
881,Gustaf,Rego,gregoog@about.com,EX2aj2JJ
882,Othello,Dainton,odaintonoh@tamu.edu,WeJ8Hc
883,Cyndi,Lytton,clyttonoi@reuters.com,rq9vlVZA
884,Shirlene,Blaasch,sblaaschoj@accuweather.com,EJ77o9Xv
885,Alicea,Bartot,abartotok@slideshare.net,nRRhXrUl
886,Gretel,Shorie,gshorieol@drupal.org,RN650ZHfv7
887,Iseabal,Heberden,iheberdenom@imdb.com,0RSOPcmvS8W
888,Rowan,Bratchell,rbratchellon@mozilla.com,0wIugR
889,Cindee,Scraney,cscraneyoo@ifeng.com,Ond6FkeqUHa
890,Cleo,Baglan,cbaglanop@amazon.co.uk,OwKwsUi7XP
891,Arni,Locks,alocksoq@amazon.de,Xoze6kz8Dh
892,Emilie,Bucklan,ebucklanor@shareasale.com,7oLwvYcR
893,Dode,Greenall,dgreenallos@ameblo.jp,0Dd50vEs1T
894,Correy,Wastall,cwastallot@csmonitor.com,48DNmDYt3E
895,Marieann,Selly,msellyou@printfriendly.com,GLnjJmlQ4M
896,Omero,Clipson,oclipsonov@ucsd.edu,oNiWM12SLT98
897,Drugi,Lemmen,dlemmenow@fema.gov,QsWYdhSt7v
898,Reeta,Gowler,rgowlerox@whitehouse.gov,IZOLZw9
899,Cinda,Fallowes,cfallowesoy@goo.ne.jp,M4XZqsPvr8
900,Loreen,Snar,lsnaroz@jimdo.com,4VZhxKAqcaw
901,Rayshell,Kibby,rkibbyp0@slideshare.net,zLJ8YulaOz3
902,Dix,Eberz,deberzp1@acquirethisname.com,fDDOeXIBQbMQ
903,Gawain,Challiss,gchallissp2@nymag.com,KPSEOe2
904,Blanca,Burdytt,bburdyttp3@myspace.com,SD59B0
905,Correy,Jirasek,cjirasekp4@state.tx.us,565OqbNb
906,Giffie,Bedinn,gbedinnp5@mapy.cz,bKhjRyCD9W
907,Alwyn,Cain,acainp6@mtv.com,tctG6YQy1yo
908,Pooh,Hasson,phassonp7@jigsy.com,Kp6uqCSr
909,Melitta,De Blasi,mdeblasip8@wisc.edu,EKvtEeGhf
910,Keir,Stickel,kstickelp9@csmonitor.com,sq8sk260Jiq
911,Ivett,Spennock,ispennockpa@w3.org,Wep52aT
912,Dix,Venditti,dvendittipb@pbs.org,8rtjbCK2
913,Kandy,Airy,kairypc@xinhuanet.com,fWeRwe2BdZoy
914,Giselle,Vernalls,gvernallspd@yale.edu,0p0P2Ud
915,Richie,Tutt,rtuttpe@indiatimes.com,RVCDliN
916,Sherye,Rose,srosepf@ucsd.edu,9xyKevUk
917,Odessa,Disney,odisneypg@ucoz.ru,0MA6plDpQ
918,Ashly,Hatchard,ahatchardph@odnoklassniki.ru,63IxIR1T09
919,Orrin,Child,ochildpi@stumbleupon.com,YjuOVjaKPKk
920,Margaret,Willers,mwillerspj@bandcamp.com,DhC2JrDY4
921,Moss,Hischke,mhischkepk@arstechnica.com,sz31X8770wyV
922,Audrey,Husby,ahusbypl@soup.io,TriXIvfc20
923,Midge,Fernao,mfernaopm@cdc.gov,PzdASPQDm
924,Caria,Hillett,chillettpn@fotki.com,SVQPY2GDXbYr
925,Garek,Macbane,gmacbanepo@eepurl.com,Oc3RLI
926,Dionne,Kondrat,dkondratpp@whitehouse.gov,ZjWQbX5KiOp
927,Melisse,Callacher,mcallacherpq@histats.com,1GxczO1veg
928,Bethina,London,blondonpr@netlog.com,eKpsWCE
929,Demetre,Joincey,djoinceyps@techcrunch.com,RUGslxT
930,Lissie,Carnaman,lcarnamanpt@t-online.de,PU7PmmERqx8R
931,Beverlee,Darey,bdareypu@desdev.cn,2tE9J5U
932,Emmet,Haps,ehapspv@google.ru,aXE9Vre3
933,Laurence,Rubenczyk,lrubenczykpw@census.gov,bbVCZiPJMg
934,Craggie,Petto,cpettopx@go.com,jA4q65IzX8
935,Darin,Writtle,dwrittlepy@indiatimes.com,NdLweooN
936,Vince,McLevie,vmcleviepz@youtu.be,b8ikQHQ7cj
937,Philippine,Esposi,pesposiq0@multiply.com,o9wnGE6x
938,Lory,Lathan,llathanq1@mozilla.com,19IutXZJQd3
939,Griz,Clelle,gclelleq2@comsenz.com,vp77CKc
940,Orsola,McManus,omcmanusq3@gmpg.org,eguAKKYjb
941,Fowler,Totterdill,ftotterdillq4@gravatar.com,uHR11D
942,Woodie,De-Ville,wdevilleq5@senate.gov,FDWyPPEiEnE
943,Bentley,Wilshire,bwilshireq6@lulu.com,EoBQIfyRWnH
944,Lyle,McGhie,lmcghieq7@samsung.com,9Y262sKQ5x
945,Kessia,Abramino,kabraminoq8@ning.com,wS084BvCVPr
946,Derek,Poppy,dpoppyq9@fema.gov,Wb09M5Ft6K
947,Mady,Hennemann,mhennemannqa@wsj.com,QHdtmeBohT4
948,Marnia,McAughtry,mmcaughtryqb@elegantthemes.com,wL7sL33VM
949,Lorne,Ambroz,lambrozqc@behance.net,MpnY5k
950,Kimbra,Leupold,kleupoldqd@wikimedia.org,rFgAqeg2IGs
951,Harlen,McArdell,hmcardellqe@army.mil,Df6Kz4u
952,Milly,Adamthwaite,madamthwaiteqf@phoca.cz,ldMBCJM0
953,Jo ann,Vassar,jvassarqg@4shared.com,O7hIpySjsY9
954,Lionello,Pinder,lpinderqh@alexa.com,XEigBQ
955,Karleen,Dickens,kdickensqi@clickbank.net,LSvHVUKR
956,Arley,Durban,adurbanqj@si.edu,op4GhK
957,Felicio,Copas,fcopasqk@i2i.jp,EyQ8P0qAV8ht
958,Damaris,Mainston,dmainstonql@google.pl,ksQxxRop
959,Jennee,Shiril,jshirilqm@businessweek.com,cib0bH09w
960,Selene,Sapwell,ssapwellqn@epa.gov,jk4RYD4YVhUt
961,Lorinda,Seamark,lseamarkqo@ft.com,VgWUDzp
962,Frazer,Marling,fmarlingqp@wikipedia.org,KaeuRh8lF7
963,Marcile,L'Archer,mlarcherqq@ca.gov,8syGavv
964,Berrie,Leele,bleeleqr@accuweather.com,BCkgLqZe
965,Erica,Launchbury,elaunchburyqs@mapquest.com,2saBzW85KKxM
966,Kip,Gander,kganderqt@cbsnews.com,10mybPB2yIzd
967,Franklyn,Rissom,frissomqu@kickstarter.com,w6FsZMjly
968,Augy,Goodacre,agoodacreqv@uiuc.edu,4CkaWS
969,Marquita,Bromehead,mbromeheadqw@cdc.gov,EGmAPgz0kmva
970,Andria,Petherick,apetherickqx@statcounter.com,5YMbPxWeXuT
971,Janela,Frowde,jfrowdeqy@tripod.com,j26QbeXGS
972,Nelia,Petrakov,npetrakovqz@phoca.cz,aS6xnTkK6Oc
973,Fran,Vereker,fverekerr0@newyorker.com,6pmkOyetDPyk
974,Meg,Redparth,mredparthr1@intel.com,ZFD1WeYC8
975,Jessalin,Culcheth,jculchethr2@boston.com,doCCKSyFuhWn
976,Rabi,Libri,rlibrir3@mediafire.com,A8sajR0s
977,Nicoli,Parnham,nparnhamr4@joomla.org,FuRJAC0CnI
978,Iona,Stirling,istirlingr5@pbs.org,vudDB9mGF
979,Shay,Ratie,sratier6@indiatimes.com,DQWO0feUMol
980,Arleta,Ovitz,aovitzr7@amazonaws.com,EBVxU8Em5M
981,Dollie,Starrs,dstarrsr8@paypal.com,wopL6tOoww52
982,Omero,Craster,ocrasterr9@parallels.com,YXy6kG
983,Serge,Chestney,schestneyra@unc.edu,hm0C6Fym
984,Anny,Battell,abattellrb@tumblr.com,1xo93onb3SX9
985,Carmelle,Thrower,cthrowerrc@usnews.com,jbJOpYT7n
986,Rafaello,Coneybeer,rconeybeerrd@homestead.com,HlfVVrbF
987,Stafani,Tichner,stichnerre@walmart.com,mHOTa0VD
988,Benni,Anan,bananrf@bloglovin.com,KHMZqIxw15kx
989,Willem,Vance,wvancerg@yahoo.co.jp,HqmgM5VbQfY
990,Bev,Klugman,bklugmanrh@ameblo.jp,fsCs1JitE6
991,Jeni,Leipnik,jleipnikri@tripadvisor.com,6e7Owa
992,Beatrix,Stoddard,bstoddardrj@bravesites.com,tReYiHzwwbfq
993,Illa,Warwick,iwarwickrk@mashable.com,KJRPwOLFcIM2
994,Jourdain,Crate,jcraterl@nytimes.com,LNDB6mKIjex4
995,Reade,Delacote,rdelacoterm@quantcast.com,nmtxQh
996,Halli,McCann,hmccannrn@devhub.com,GNkGbc
997,Brear,Hasselby,bhasselbyro@livejournal.com,HM0dhT0d9y0
998,Theresa,Atthowe,tatthowerp@so-net.ne.jp,a3l0JyPhNy
999,Marsiella,Selkirk,mselkirkrq@ebay.com,YkQ50dMHj
1000,Josiah,Paffitt,jpaffittrr@nhs.uk,ibdSYcvi
